[
  {
    "mode": "bm25",
    "rerank": false,
    "recall@1": 0.2,
    "recall@3": 0.3,
    "recall@5": 0.36,
    "recall@10": 0.4,
    "mrr": 0.25955555555555554
  },
  {
    "mode": "bm25",
    "rerank": true,
    "recall@1": 0.36,
    "recall@3": 0.4,
    "recall@5": 0.4,
    "recall@10": 0.4,
    "mrr": 0.3766666666666667
  },
  {
    "mode": "dense",
    "rerank": false,
    "recall@1": 0.12,
    "recall@3": 0.18,
    "recall@5": 0.2,
    "recall@10": 0.22,
    "mrr": 0.15400000000000003
  },
  {
    "mode": "dense",
    "rerank": true,
    "recall@1": 0.18,
    "recall@3": 0.2,
    "recall@5": 0.2,
    "recall@10": 0.22,
    "mrr": 0.19333333333333333
  },
  {
    "mode": "hybrid",
    "rerank": false,
    "recall@1": 0.12,
    "recall@3": 0.18,
    "recall@5": 0.2,
    "recall@10": 0.22,
    "mrr": 0.15400000000000003
  },
  {
    "mode": "hybrid",
    "rerank": true,
    "recall@1": 0.42,
    "recall@3": 0.48,
    "recall@5": 0.48,
    "recall@10": 0.5,
    "mrr": 0.4491666666666667
  },
  {
    "mode": "hyde",
    "rerank": false,
    "recall@1": 0.18,
    "recall@3": 0.32,
    "recall@5": 0.36,
    "recall@10": 0.44,
    "mrr": 0.259047619047619
  },
  {
    "mode": "hyde",
    "rerank": true,
    "recall@1": 0.36,
    "recall@3": 0.38,
    "recall@5": 0.4,
    "recall@10": 0.42,
    "mrr": 0.37685714285714284
  }
]